Word	Index
	0
aided	1
writings	2
venturewriting	3
websta	4
raining	5
politicsresponsible	6
onthursday	7
foul	8
100b	9
four	10
steyer	11
woods	12
hanging	13
plaudits	14
woody	15
redacted	16
cyprus	17
@joan_riverswas	18
aggression	19
#texasstrong	20
@fbipressoffice	21
increase	22
forza_desiderio	23
@nia_sanchez_	24
pardon	25
granting	26
eligible	27
electricity	28
#healthcarebill	29
opener	30
countrytell	31
lord	32
dogs	33
@tppatriots	34
@spurs	35
jemele	36
consumed	37
sinking	38
digit	39
@upstartbusiness	40
america‚Äîshe	41
@austan_goolsbee	42
retailers	43
@secretaryzinke	44
#harvey	45
fargo	46
dels	47
crenshaw	48
sotoro	49
bartley	50
unify	51
drehle	52
sleazebags	53
screaming	54
#davos2018	55
identity	56
barraged	57
prize	58
andre	59
wooden	60
wednesday	61
happenings	62
jihad	63
wavered	64
debuting	65
caryl	66
straight	67
53rd	68
@conroecourier	69
@jonkarl	70
infringed	71
tired	72
miller	73
lgbt	74
aides	75
frederick	76
pulse	77
elections	78
270	79
elegant	80
second	81
#vpeotus	82
unchained	83
sustaining	84
278	85
@jay_severin	86
@nycparks	87
monopolies	88
brexit	89
battleground	90
forgetting	91
thunder	92
cooking	93
contributed	94
fingers	95
@yankees	96
bonuses	97
feckless	98
071067	99
resilient	100
saddled	101
increasing	102
suleiman	103
@daveweigel	104
@davidwebbshow	105
27b	106
@tombarrackjr	107
hero	108
crandon	109
reporter	110
donalds	111
leaning	112
whiteish	113
here	114
albuquerque	115
dore	116
reported	117
china	118
dorm	119
parenting	120
gonzalez	121
wiseguy	122
now‚Äîbeautiful	123
cyclical	124
kids	125
14trump	126
marcos	127
adaptable	128
unsexiest	129
reports	130
controversy	131
@mcubans	132
snowing	133
torched	134
@aberdeencc	135
military	136
carnage	137
@robastorino	138
climber	139
tomorrowspringfield	140
criticism	141
golden	142
divide	143
owed	144
remodeled	145
readout	146
explained	147
replace	148
brought	149
shoddy	150
stern	151
scoffed	152
perils	153
cocaine	154
univ	155
unit	156
opponents	157
cheating	158
spoke	159
dnc	160
browse	161
@williebosshogs	162
@noble74	163
#laurence	164
definiteness	165
q3stock	166
music	167
therefore	168
passport	169
distortions	170
strike	171
105m	172
@marthamaccallum	173
until	174
actthe	175
#newtown	176
soon#wiprimary	177
hu	178
#dday	179
ricketts	180
mired	181
relax	182
successful	183
brings	184
holt	185
underprivileged	186
yahoo	187
militarysomething	188
hurt	189
99	190
98	191
surgeon	192
@hamptonsmag	193
tying	194
91	195
90	196
hole	197
hold	198
95	199
94	200
97	201
96	202
pontifical	203
rotting	204
morally	205
locked	206
brutality	207
unaffiliated	208
@trumpwaikikilt	209
stairs	210
famed	211
9pmyou	212
plunged	213
rulings	214
nazi	215
locker	216
temperatures	217
burnett	218
masterminds	219
admits	220
example	221
grimes	222
jindal	223
100barrel	224
@hatingbreitbart	225
bundlers	226
wand	227
hyatt	228
@joerepublic1	229
household	230
organized	231
currency	232
reviewing	233
want	234
ph√∫c	235
organizer	236
roadblocksthought	237
absolute	238
hof	239
admission	240
#usvi	241
complaining	242
travel	243
@oconnellpostbizbidding	244
pigsty	245
feature	246
comedians	247
revisit	248
machine	249
how	250
louisville	251
w20	252
significance	253
panelour	254
preferable	255
salmond	256
dignified	257
retreating	258
gaming	259
regional	260
22b	261
#columbusday	262
beauty	263
@lvmpd	264
quits	265
imcompetently	266
@charlesgkoch	267
outlawed	268
shores	269
wrong	270
raiders	271
@therealkiyosaki	272
destined	273
mcquaid	274
oksen	275
#peaceofficersmemorialday	276
@johndeere	277
extortion	278
types	279
succinct	280
gravy	281
marginalize	282
@trumpto	283
sioux	284
effective	285
occasions	286
@extratv	287
wins	288
youths	289
#travelerschoice	290
headquarters	291
fictional	292
childhood	293
930pmtickets	294
18th	295
ammo	296
keeps	297
tonight‚Äîim	298
floridas	299
democratic	300
wing	301
wind	302
wine	303
senators	304
goplegacy	305
feedback	306
welcomed	307
dreamed	308
misdemeanor	309
outnegotiate	310
@afpfnh	311
ipsosreuters	312
#fitn#trump2016	313
@senatemajldr	314
22000	315
scalia	316
rewarded	317
owens	318
webisode	319
welcomes	320
#votetrumpmitrump	321
@repjeffduncans	322
lovingly	323
@bernardgoldberg	324
fit	325
lifeline	326
bringing	327
fix	328
@nrcc	329
survivors	330
#votetrumpwi	331
dedicate	332
conner	333
@hometownlife	334
wellness	335
@republicanstudy	336
hidden	337
tournier	338
easier	339
jihadis	340
zucker	341
grievous	342
doghouse	343
accruing	344
slate	345
2030	346
aesthetics	347
@travlandleisures	348
educating	349
nations#usaatunga#unga	350
lienow	351
mongering	352
fanastic	353
schools	354
@janinegibson	355
yourself	356
silver	357
saddened	358
competitiveness	359
represents	360
2000000	361
whacking	362
@andrewkreig	363
debut	364
50678	365
dumps	366
garbage‚Äîno	367
mob	368
profligate	369
2022	370
timewarner	371
boggling	372
aspen	373
@gaillorene	374
interfering	375
windmill	376
things#letsmakeamericagreatagain	377
financial	378
rink	379
woes	380
concord	381
knockout	382
series	383
#artofthedeal	384
allah	385
bowls	386
crocus	387
hoosier	388
contracting	389
391	390
390	391
substantially	392
3pm#trumppence16	393
truman	394
ring	395
@williampetroski	396
rt	397
drove	398
@shaun_white	399
touts	400
rs	401
carolinas	402
2300	403
@kredo0	404
@bbc	405
rx	406
mason	407
rd	408
re	409
encourage	410
specialties	411
ra	412
5841	413
adv	414
ro	415
strategist	416
@krauthammer	417
foundation	418
hillaryclinton	419
sellout	420
disgraceif	421
threatened	422
surveys	423
39m	424
assures	425
tipping	426
elsewhere	427
@americanthinker	428
change‚Äîthey	429
crowned	430
estimate	431
obstructing	432
pettitte	433
golovkin	434
enormous	435
ate	436
bates	437
exposing	438
amymek	439
shelves	440
@huizingadanny	441
newscasts	442
graces	443
#fraudnewscnn	444
ministries	445
shipped	446
walmart	447
speedy	448
competed	449
1970s	450
leaps	451
repealed	452
clothes	453
crossings	454
matsuyama	455
@muhammadali	456
#apec2017	457
furnished	458
overtaken	459
dumbass	460
petraeus	461
country‚Äîmiami	462
227000	463
channels	464
wash	465
spinning	466
@ronkaufmanintrn	467
179	468
178	469
@bobvanderplaats	470
176	471
@pgachampionship	472
sutherland	473
171	474
170	475
seizures	476
carson	477
windmills	478
basketball	479
renovated	480
service	481
@westwoodlee	482
lawsuits	483
engagement	484
cooling	485
rone	486
touting	487
needed	488
#virginias	489
master	490
listed	491
chugging	492
architect	493
higbie	494
legs	495
massively	496
ranging	497
listen	498
17m	499
@scavino45	500
geneva	501
@_katherinewebbs	502
109b	503
satisfaction	504
wisdom	505
ardrossan	506
predictable	507
chairwoman	508
conceded	509
willbe	510
17t	511
#primaryday	512
@hudsonmod	513
positively	514
donaldtrump	515
ahmed	516
peril	517
outlay	518
showed	519
saeed	520
coward	521
surrogate	522
tree	523
10x	524
idly	525
nations	526
project	527
me‚Äîa	528
idle	529
readjusted	530
@senscottbrown	531
endure	532
xijinping	533
bodyguards	534
twinkies	535
support#makeamericagreatagain	536
feeling	537
acquisition	538
excoriating	539
este	540
acclaim	541
entail	542
runner	543
boston	544
spectrum	545
#fundanything	546
assetsthe	547
concordia	548
wet	549
thebillmcgee	550
buseyisms	551
alive	552
dozen	553
foundational	554
affairs	555
@secretservice	556
concrete	557
@samsung	558
paramedics	559
60th	560
responsible	561
@jenniffer2012	562
votestand	563
eagerly	564
recommended	565
causing	566
absorbed	567
@splaisance	568
doors	569
@chrysler	570
#oh	571
fheile	572
thay	573
reelection	574
45th	575
withdraw	576
transactions	577
thrilled	578
object	579
@wsjpolitics	580
thehas	581
wells	582
¬†a	583
swiss	584
mouth	585
cummings	586
letter	587
entry	588
retaining	589
@wendyshow	590
‚Äî	591
@teddyschleifer	592
downüìâ315	593
dummy	594
singer	595
@mrctv	596
episode	597
cops	598
referendums	599
berghdal	600
professor	601
camp	602
acknowledgement	603
@gma	604
makati	605
#changetheworldin5words	606
@podcastone	607
tech	608
detriment	609
suspending	610
itiveness	611
scream	612
came	613
nbpc	614
fonda	615
saying	616
signatures	617
bomb	618
assurances	619
30myr	620
departing	621
165	622
@footwearnews	623
meetings	624
advisors	625
teresa	626
bonnie	627
nominated	628
heckler	629
prix	630
bethpage	631
qaeda	632
malleable	633
whitey	634
participate	635
lethal	636
nominates	637
again#potusabroad	638
priv	639
lessons	640
orleans	641
touches	642
busy	643
layout	644
dawn	645
liberated	646
headline	647
menu	648
port	649
bust	650
mens	651
rico	652
bush	653
bliss	654
touched	655
rich	656
foolishly	657
pickens	658
rice	659
@11alivenews	660
@kevcirilli	661
labeouf	662
klein	663
√âlys√©e	664
#paprimary	665
denounce	666
foremost	667
pocket	668
@billhemmer	669
farmington	670
vaccinations	671
altogether	672
#periscope	673
midterms	674
tips	675
looting	676
droning	677
obsma	678
greens	679
nicely	680
playerhe	681
@katieshow	682
patch	683
kippur	684
@annromneys	685
@josecanseco	686
release	687
bashar	688
isreal	689
attends	690
boarded	691
@zpolitics	692
scrooge	693
respond	694
blew	695
mandatory	696
disaster	697
fair	698
clarified	699
branding	700
mechanism	701
wrong@barackobama	702
recruit	703
wollman	704
goodnight	705
@tripadvisors	706
result	707
fail	708
crouch	709
resigned	710
hammer	711
billand	712
best	713
avert	714
wleadership	715
pressured	716
ambitions	717
lots	718
irs	719
marketeer	720
minnelli	721
stamps	722
r	723
@joan_rivers	724
ira	725
glasgow	726
apples	727
preserve	728
wage	729
lamar	730
men	731
schwarzkopf	732
extend	733
nature	734
fruits	735
generalsecretary	736
27m	737
rides	738
wtc	739
overand	740
70th	741
defiance	742
downgrade	743
carbon	744
debt	745
geronimos	746
havnt	747
51yrs	748
accident	749
veep	750
rima	751
disdain	752
travestythe	753
country	754
cup	755
caddell	756
demanded	757
152nd	758
109	759
_e_	760
planned	761
normandy	762
logic	763
27t	764
#bigleaguetruthtime	765
#deplorables	766
asked	767
eradicate	768
brittle	769
30th	770
waive	771
bored	772
newstand	773
@joenbc	774
fudged	775
vain	776
#readthebill	777
2nd	778
#trump4vets	779
mondaleferraro	780
canyon	781
259	782
@louisianagov	783
framework	784
pregnancy	785
fotgotten	786
250	787
libyas	788
fema	789
beachs	790
armored	791
contestants	792
lighthouse	793
none#ussgeraldrford	794
investors	795
pregame	796
shouting	797
union	798
fri	799
fro	800
@american32	801
#nabtu2017	802
twain	803
much	804
wayso	805
stadium	806
privilege	807
parents	808
#bombers	809
phasing	810
tallest	811
incompetent	812
deportations	813
25k	814
life	815
sydney	816
eastern	817
@raul_labrador	818
hearby	819
courtney	820
worker	821
irving	822
filmmaker	823
dave	824
lift	825
7pme	826
worked	827
haters	828
@richwaugaman	829
davi	830
chill	831
amazingxx	832
commerce	833
gritty	834
tapes	835
presidency	836
scorecard	837
@oconnellpostbizdonald	838
nykea	839
technologically	840
professionally	841
sinise	842
employ	843
@charlierymergc	844
#breakingnews	845
appeals	846
forthright	847
flooding	848
k	849
vows	850
overtakes	851
remembering	852
#trump2016#wiprimary	853
congratulation	854
playef	855
played	856
acin	857
crowd‚Äîsold	858
indonesian	859
conditioned	860
player	861
mattera	862
anticipating	863
campaigning	864
shift	865
evils	866
trusted	867
#wolfblitzercnn	868
hone	869
hong	870
lupe	871
taped	872
things	873
@team_trump45	874
format	875
thievery	876
rebellion	877
spews	878
haphazard	879
split	880
babies	881
elliott	882
principals	883
dhs	884
bid	885
cruzhad	886
amazing‚Äîthe	887
fairly	888
directing	889
mischaracterized	890
kushner	891
#filmforall	892
@repchriscollins	893
permit	894
tops	895
workforce	896
collection‚Äîits	897
shimon	898
dosespread	899
internals	900
ownership	901
rex	902
striving	903
geist	904
#cincodemayo	905
tune	906
judgement	907
suitable	908
lucas	909
@christianjosi	910
#gasen	911
ads‚Äîdesperate	912
1235	913
julys	914
cancellation	915
academic	916
@fortworthpd	917
subpoena	918
#trumpwon	919
unfairly‚Äîbig	920
echoes	921
@marksimoneny	922
misrepresents	923
corporate	924
destabalize	925
plaque	926
opinions	927
capitol	928
sleeps	929
appropriately	930
colmery	931
@late_show	932
underreport	933
sleepy	934
#kidney	935
@10best	936
@argop	937
lunchtimethe	938
disguise	939
financially	940
birmingham	941
sheena	942
cuomos	943
plight	944
caregiver	945
@soflagolf	946
previous	947
@trumpnationalnys	948
remedial	949
1221	950
vescio	951
ease	952
had	953
emphasis	954
@971fmtalk	955
@kiss925toronto	956
@robin_leach	957
#cruzfraud	958
advantages	959
richie	960
innocent	961
prison	962
hap	963
guangcheng	964
has	965
hat	966
unpresidential	967
@thehill	968
@andydean2014	969
9b	970
elevation	971
congresses	972
gumbeland	973
survival	974
phoneyarrested	975
posed	976
possible	977
#iran	978
possibly	979
bushs	980
gridlock	981
birth	982
signals	983
distortion	984
dailycaller	985
shadow	986
unique	987
@fema	988
bushy	989
guaranteed	990
desire	991
complimentary	992
@guardian	993
#gop	994
bobby	995
libi	996
@davidwright	997
seaside	998
alice	999
champ	1000
cochrane	1001
remind	1002
misled	1003
steps	1004
withheld	1005
excellency	1006
sebastian	1007
battlefield	1008
attorney	1009
right	1010
old	1011
crowd	1012
people	1013
@univision	1014
plouffe	1015
crown	1016
16apologize	1017
#inprimary	1018
terifies	1019
consultants	1020
chopper	1021
@gggboxing	1022
9p	1023
demagogue	1024
harassment	1025
@robinroberts	1026
9s	1027
coca	1028
enemies	1029
fot	1030
attendees	1031
for	1032
bottom	1033
practicesto	1034
path‚Äîit	1035
fox	1036
kuhner	1037
#jfkfiles	1038
creative	1039
menace	1040
sotu	1041
@marcaputo	1042
umc	1043
@hannityshow	1044
polluter	1045
@jamieaydt	1046
@benshapiro	1047
hindu	1048
shaker	1049
shakes	1050
yorks	1051
lefts	1052
nbccomcasting	1053
picking	1054
ungratefulness	1055
mcmanamon	1056
barbara‚Äîget	1057
@frankgaffneys	1058
burner	1059
complexions‚Äîother	1060
defensive	1061
mediocrity	1062
losing	1063
memorable	1064
bowing	1065
manufacturing	1066
cronies	1067
@vincemcmahons	1068
projected	1069
foolish	1070
830pm	1071
ohiowest	1072
dollars	1073
citizens	1074
@amspecs	1075
o	1076
@americanselect	1077
@bristolsblog	1078
despair	1079
repellent	1080
emilio	1081
disqualified	1082
palestinians	1083
slightly	1084
bannon	1085
nixon	1086
@today_clicker	1087
wildfires	1088
460m	1089
statements	1090
sod	1091
facility	1092
incomprehensible	1093
marshall	1094
#flashbackfriday	1095
@theblaze	1096
son	1097
wray	1098
beings	1099
valleys	1100
magazines	1101
raises	1102
stockholder	1103
wrap	1104
shoots	1105
reducing	1106
#neverforget911	1107
stronger◊ó◊ñ◊ß◊ô◊ù	1108
@yahoo	1109
jugular	1110
fabric	1111
novi	1112
waits	1113
support	1114
constantly	1115
knowing	1116
reason‚Äîi	1117
39#americafirst	1118
raped	1119
#neverforget	1120
@nhgop	1121
joseph	1122
@stjude	1123
authorized	1124
extremism	1125
jane	1126
tele	1127
@theslystallone	1128
launching	1129
happy	1130
selection	1131
underestimated	1132
@golfdigestmag	1133
offer	1134
120	1135
forming	1136
@davidgregory	1137
shinz≈ç	1138
conclusively	1139
phoners	1140
plan‚úÖeliminate	1141
louisiana#makeamericagreatagain	1142
propertiesseeing	1143
talents	1144
@patriots	1145
melania	1146
robertson	1147
palmetto	1148
flipped	1149
@wobriensomerset	1150
extremist	1151
congratulations	1152
@kyleportercbs	1153
@abc	1154
the13th	1155
programmatic	1156
partys	1157
@townhallcom	1158
type	1159
inside	1160
clubgoers	1161
germanwings	1162
@marketmavensinc	1163
exude	1164
unanimous	1165
lays	1166
rerun	1167
smashed	1168
@frankrichny	1169
522000	1170
panels	1171
dues	1172
30m	1173
150	1174
153	1175
proud	1176
disgrace	1177
sight	1178
157	1179
tournament	1180
#dcbound	1181
proven	1182
crumble	1183
somebody	1184
proves	1185
exist	1186
accounting	1187
dealer	1188
negotiations	1189
posting	1190
crutches	1191
protested	1192
pageant‚Äîairing	1193
eventual	1194
floor	1195
#laskerrink	1196
horrendousthe	1197
liking	1198
actor	1199
uttered	1200
#trump2016#iacaucus	1201
#ocarenightmare	1202
role	1203
airlines	1204
ambitious	1205
benefiting	1206
transgender	1207
bossie	1208
smell	1209
roll	1210
59th	1211
@usnavy	1212
differences	1213
ramadi	1214
hereby	1215
15t	1216
immigration‚Äîdont	1217
@royaloakpatch	1218
outage	1219
primed	1220
henninger	1221
eminent	1222
15b	1223
intent	1224
countryin	1225
@emmanuelmacronthank	1226
premieres	1227
rolling	1228
cleaver	1229
15k	1230
15m	1231
#fakenews#prstrong	1232
unmatched	1233
warn	1234
shootout	1235
#prstrong	1236
marathon	1237
glass	1238
fluke	1239
ferrara	1240
ottawa	1241
defamation	1242
kgb	1243
time	1244
push	1245
@cspan	1246
@chuckgrassley	1247
iowans	1248
adjacent	1249
renegotiating	1250
ul	1251
sebelius	1252
8ame	1253
cincinnati	1254
ourthis	1255
chain	1256
whoever	1257
resources	1258
elevator‚Äî	1259
blacks	1260
@talkersmagazine	1261
@gretchencarlsons	1262
theaters	1263
skate	1264
armstrongs	1265
bandits	1266
skiing	1267
thought‚Äîcould	1268
chair	1269
93	1270
sweeneys	1271
otherthey	1272
vet	1273
92	1274
william	1275
dems‚Äîi	1276
@fnthefive	1277
@realmeatloaf	1278
@perduesenates	1279
lara	1280
trivial	1281
blindfold	1282
windfarms	1283
burlington	1284
giunta	1285
#am	1286
circumstances	1287
veterans	1288
verbally	1289
tenacious	1290
unifyvideo	1291
@govmikehuckabee	1292
finkelstein	1293
missouri#makeamericagreatagain	1294
prosecuted	1295
jerk	1296
@gcmorningdrive	1297
cheap	1298
#indiana	1299
choice	1300
wharton	1301
#nascar	1302
@stevekingia	1303
gloomy	1304
mourn	1305
servicing	1306
stays	1307
cartersept26	1308
exact	1309
minute	1310
betw	1311
back‚Äîgood	1312
doubters	1313
saad	1314
@donnawr8	1315
solves	1316
youohio	1317
tear	1318
250000	1319
@wandacarruthers	1320
leave	1321
solved	1322
settle	1323
subway	1324
team	1325
@gop	1326
tennesse	1327
setup	1328
prevent	1329
yitzhak	1330
#magatickets	1331
teamed	1332
findings	1333
@ianjamespoulter	1334
minion	1335
gasoline	1336
prediction	1337
sign	1338
heavyweight	1339
184	1340
shirts	1341
speech‚Äîpacked	1342
2128674466	1343
ratingleaves	1344
305	1345
educate	1346
elton	1347
essence	1348
@heytammybruce	1349
@vanityfair	1350
painlessly	1351
jeopardy	1352
celebrated	1353
suggestive	1354
2129647777	1355
current	1356
remembered	1357
knick	1358
incredible‚Äîbest	1359
@davidbrody	1360
@mj_lee	1361
falling	1362
#planahead	1363
boost	1364
@usarmy333	1365
@prnewswire	1366
illegally	1367
drafted	1368
rosenberg	1369
bo	1370
jury	1371
offenses	1372
climbs	1373
304	1374
funeral	1375
31000	1376
virtues	1377
exceptions	1378
#mechanicaldog	1379
@wctc	1380
smiths	1381
yards	1382
address	1383
alone	1384
fearwe	1385
along	1386
dwindling	1387
yds	1388
momentous	1389
militar	1390
molestation	1391
passengers	1392
breathing	1393
yourself‚Äîbecause	1394
lapierre	1395
unenthusiastic	1396
brilliant	1397
famer	1398
identifiable	1399
studied	1400
funded	1401
commonly	1402
disagree‚Äîi	1403
accomplished	1404
ineffective	1405
buss	1406
@soapbox1	1407
myers	1408
studies	1409
#goldlist2015	1410
reclaim	1411
jamiel	1412
@timkaines	1413
tasks	1414
love	1415
lounges	1416
#election2012	1417
misidentifies	1418
@tracegallagher	1419
prefer	1420
ipo	1421
logical	1422
till	1423
@lord_sugar‚Äîlook	1424
@bretbaiers	1425
logically	1426
fake	1427
forefront	1428
citizenscontinued	1429
raiding	1430
red	1431
opposes	1432
obstructionthey	1433
sunbathing	1434
working	1435
perished	1436
positive	1437
angry	1438
@mikeneedham	1439
predictions	1440
@thejuanwilliams	1441
945pm	1442
imaginations	1443
cherished	1444
opposed	1445
wondering	1446
films	1447
@austinkaiser52	1448
syrians	1449
oreilly	1450
prosecutor	1451
wicked	1452
scratched	1453
introducing	1454
@nicolledwallace	1455
marbles	1456
afford	1457
subsistence	1458
@turnbullmalcolm	1459
oregon	1460
approving	1461
him‚Äîhe	1462
visual	1463
#bigleaguetrut	1464
everywhere	1465
virtue	1466
94th	1467
springtime	1468
todaysign	1469
342	1470
riders	1471
behalf	1472
goodell	1473
winding	1474
@homerjsimpson	1475
deserved	1476
incited	1477
originally	1478
pretend	1479
abortion	1480
performancesome	1481
believer	1482
believes	1483
incites	1484
printing	1485
values	1486
stature	1487
believed	1488
intros	1489
interstate	1490
barnini	1491
#draintheswamp	1492
@speakerboehner	1493
bankrupting	1494
@fox	1495
@johndickerson	1496
mentality	1497
@traceadkins	1498
awesome	1499
spanconversation	1500
nascar	1501
locks	1502
guestroom	1503
238	1504
unveiled	1505
allowed	1506
offense	1507
locale	1508
237	1509
@erictrumpfdn	1510
232	1511
listens	1512
sharpstache	1513
monitoring	1514
winter	1515
@david_bossie	1516
divided	1517
troublelike	1518
#votetrumphi	1519
oskaloosa	1520
thanking	1521
lavrov	1522
vancouver	1523
scranton	1524
prenup	1525
grossed	1526
optimal	1527
@aahs5star	1528
23m	1529
explores	1530
@andreatantaros	1531
@senorrinhatch	1532
blasting	1533
again#draintheswamp	1534
spot	1535
@jameshohmann	1536
@zacharyquinto@realdonaldtrump	1537
convincingly	1538
applications	1539
explored	1540
mustve	1541
date	1542
such	1543
suck	1544
data	1545
codes	1546
hoc	1547
appointee	1548
supersonic	1549
stress	1550
bottle‚Äîwould	1551
natural	1552
varieties	1553
#leadright2016	1554
conscious	1555
ss	1556
sr	1557
sq	1558
sp	1559
baghdad	1560
st	1561
#aseansummit	1562
si	1563
so	1564
sm	1565
sc	1566
sb	1567
wolves	1568
wiseguys	1569
sg	1570
unmasked	1571
scents	1572
sd	1573
@sethmeyers21	1574
jepsens	1575
haute	1576
marquez	1577
unacceptable	1578
years	1579
professors	1580
course	1581
episodes	1582
@woodruffbets	1583
nflplayer	1584
dye	1585
shermans	1586
clinton	1587
@trumpgrill	1588
55198	1589
disconnect	1590
@turnberrybuzz	1591
internationally	1592
lackluster	1593
jim	1594
stupidity	1595
@veuveclicquot	1596
aviv	1597
attraction	1598
122	1599
@wolfblitzer	1600
wahlberg	1601
intl	1602
suspension	1603
phenomena	1604
bipartisan	1605
decades	1606
@secpricemd	1607
petition	1608
coincidental	1609
@senmikelee	1610
service‚Äîthis	1611
carolina‚úÖohio	1612
schuette	1613
recipients	1614
civilian	1615
matches	1616
smarter	1617
pushover	1618
@breitbartsports	1619
nation	1620
records	1621
islanders	1622
drilling	1623
subscribers	1624
@amandaknox	1625
akron	1626
@klnynews	1627
twilight	1628
runners	1629
matched	1630
osama	1631
shouted	1632
hickory	1633
@hulu	1634
truckload	1635
@judgejeanine	1636
brody	1637
revert	1638
ladens	1639
#agreatcause	1640
classify	1641
bowling	1642
amnesty	1643
quarter	1644
revere	1645
jan19	1646
@hhsgov	1647
#nationalagday	1648
square	1649
maimi	1650
@newyorkobserver	1651
@mainegop	1652
mueller	1653
@danratherreport	1654
revised	1655
novembers	1656
ohio#makeamericagreatagain	1657
breakthrough	1658
meltdown‚Äîwas	1659
sponsor	1660
entering	1661
20295	1662
disasters	1663
@javitscenter	1664
troll	1665
canvas	1666
@iowacentral	1667
dame‚Äîbut	1668
blt	1669
abide	1670
lowlife	1671
forest	1672
believers	1673
seriously	1674
investigation	1675
financed	1676
@mayorbowser	1677
internet	1678
suggesting	1679
formula	1680
dobias	1681
unifying	1682
rorke	1683
forüì∏prior	1684
dodgers	1685
armstrong‚Äînot	1686
steep	1687
prostitutes	1688
siege	1689
heilemanns	1690
1130	1691
incentives	1692
1135	1693
quite	1694
disrespect	1695
pennsylvanias	1696
pled	1697
complicated	1698
matchless	1699
besides	1700
emblematic	1701
span	1702
unnamed	1703
remainder	1704
@telegraphnews	1705
fbishould	1706
training	1707
hudson	1708
jetliners	1709
@scottienhughes	1710
@trumpscotland	1711
tasting	1712
programming	1713
modest	1714
@andreamagrath	1715
chevy	1716
kathleen	1717
becki	1718
murderer	1719
massive	1720
geomorphology	1721
79m	1722
rumsfeld	1723
@roundsforsenate	1724
reassess	1725
emotion	1726
gunshot	1727
henry	1728
saving	1729
prong	1730
ignored	1731
spoken	1732
one	1733
opec	1734
119000	1735
#msm	1736
problemthe	1737
spanish	1738
vote	1739
ons	1740
tamara	1741
custom	1742
open	1743
ripping	1744
city	1745
@jdelreal	1746
eos	1747
movement#makeamericagreatagain	1748
bite	1749
@richardgrenell	1750
uks	1751
@alwaleed_talal	1752
runways	1753
encourages	1754
2	1755
draft	1756
kamp	1757
stephanopoulos	1758
syriaisnt	1759
cite	1760
williams	1761
hornet	1762
slashes	1763
@jimtalent	1764
tourismelectric	1765
dealmakers	1766
caller	1767
shawn	1768
drop@hbo	1769
surges	1770
proving	1771
meddling	1772
snatch	1773
york#makeamericagreatagain	1774
administered	1775
ridiculous	1776
flashbk	1777
‚Äè@richardroeper	1778
underemployment	1779
slashed	1780
fooled	1781
representing	1782
boyfriend	1783
@realmissnvusa	1784
lucent	1785
220	1786
@piersmorgan	1787
iceberg	1788
procter	1789
@maddow	1790
rival	1791
scourge	1792
counters	1793
crossroads	1794
rehab	1795
future	1796
glide	1797
#pulsenightclub	1798
@comedycentral	1799
counselor	1800
@celtics	1801
russia	1802
proactive	1803
1925	1804
recapping	1805
disruptors	1806
addressing	1807
@gretawire	1808
san	1809
sam	1810
considerably	1811
cheri	1812
badleave	1813
#redbook	1814
turned	1815
argument	1816
sad	1817
prestigious	1818
say	1819
in#debatenight	1820
erictrump	1821
collects	1822
allen	1823
turner	1824
saw	1825
sat	1826
collapsed	1827
#tmdharvey	1828
inches	1829
coliseum	1830
aside	1831
expires	1832
instructed	1833
note	1834
intends	1835
jefferson	1836
stewartpattinson	1837
take	1838
honoris	1839
destroy	1840
mayer	1841
massi	1842
@marieleff	1843
afghanis	1844
handing	1845
offload	1846
opposite	1847
flakey	1848
476k	1849
knew	1850
eldest	1851
israeli	1852
buffet	1853
toooo	1854
fitzgerald	1855
detect	1856
expensing	1857
obamacares	1858
remarks	1859
1182016#makeamericagreatagain	1860
knowingly	1861
pages	1862
hampshire#makeamericagreatagain	1863
@morningjoe	1864
lawn	1865
washpost	1866
bads	1867
energize	1868
235000	1869
average	1870
phil	1871
tank‚Äîbut	1872
drive	1873
#vasecretary	1874
empowerment	1875
occidental	1876
federal	1877
messier	1878
@jeffbezos	1879
subsequent	1880
link	1881
@drudge_reports	1882
salt	1883
@abcpolitics	1884
axl	1885
laws	1886
#circleofenrichment	1887
madison	1888
knoxville	1889
misconduct	1890
surplus	1891
beckham	1892
circulating	1893
weverybody	1894
jtrump	1895
merit	1896
commitments	1897
@abc2020	1898
bright	1899
deco	1900
@bkcolin	1901
inconsistent	1902
21points	1903
@outnumberedfnc	1904
aggressive	1905
@joelmentum	1906
imagined	1907
#trump	1908
slot	1909
slow	1910
treaties	1911
redbook	1912
race‚Äîhe	1913
controlforces	1914
¬†to	1915
robs	1916
infe	1917
relaxes	1918
robo	1919
wisconsin#wiprimary	1920
tears	1921
going	1922
dancing	1923
slob	1924
equipped	1925
outrage	1926
caroline	1927
robb	1928
congressional	1929
carolina	1930
palos	1931
@andre_reed83	1932
poroshenko	1933
guarded	1934
caliber	1935
psychiatrist	1936
occupation	1937
assistant	1938
condemning	1939
#taxrefor	1940
freezing	1941
balconies	1942
225000	1943
achievers	1944
972000	1945
pill‚Äîin	1946
327cruz	1947
ambe	1948
awaiting	1949
@djohnsonpga	1950
disgrace#draintheswamp	1951
@nypost	1952
prime	1953
@johncornyn	1954
resource	1955
mavericks	1956
thisthursday	1957
artist	1958
borrow	1959
trys	1960
worried	1961
@stephenbaldwin	1962
skyline	1963
voters#makeamericagreatagain	1964
roger	1965
toying	1966
bombs	1967
578m	1968
@exxonmobil	1969
disparage	1970
where	1971
16th	1972
vision	1973
bangers	1974
58	1975
you#americafirst	1976
espn	1977
multiplied	1978
breathtaking	1979
arouses	1980
247365	1981
revitalizing	1982
@samsondunn	1983
surgery	1984
dives	1985
@americancancer	1986
@wapo	1987
@thealabamaband	1988
planet	1989
830	1990
@byronyork	1991
enlightening	1992
untapped	1993
manufa	1994
harvey	1995
representatives	1996
natlbedminster	1997
vaccines	1998
older	1999
bureau	2000
citizen‚Äîshes	2001
moons	2002
affecting	2003
teens	2004
baiting	2005
buzzed	2006
uh	2007
inappropriately	2008
punta	2009
jobs	2010
@ringlingbros	2011
screen	2012
preach	2013
replaces	2014
@michaelpleahy	2015
unforgettable¬†afternoon	2016
@repleadconf	2017
#ms13	2018
hillary‚Äîwow	2019
awards	2020
jets	2021
600ame	2022
5600000	2023
217billion	2024
concentrated	2025
busting	2026
17_omarosa_is_back_and_this_time_its_personalhtml	2027
@georgeclooney	2028
avoid	2029
many	2030
jokers	2031
dead‚Äîa	2032
@loudobbs	2033
deduction	2034
@lynnepatton	2035
s	2036
loudly	2037
workplace	2038
firstminister@scotlandgsigovuk	2039
rankings	2040
recordings	2041
@marthastewart	2042
yearly	2043
@salon	2044
statuesheritage	2045
hollowing	2046
extravagantly	2047
twit	2048
@greta	2049
mccain	2050
#airforce	2051
anti	2052
3000	2053
102barrel	2054
comeback	2055
sentinel	2056
meetingin	2057
considers	2058
boat	2059
math	2060
caring	2061
@sethmclaughlin1	2062
west	2063
millard	2064
locally	2065
vacation	2066
breath	2067
raging	2068
combined	2069
likewise	2070
crawford	2071
discriptive	2072
#colbert	2073
wants	2074
300g	2075
don_trump_jr	2076
confuse	2077
300b	2078
bernardino	2079
unsafe	2080
thousand	2081
formed	2082
300k	2083
assecretary	2084
photos	2085
#repmikekelly	2086
observe	2087
@condenastcorp	2088
hashtag	2089
quarantines	2090
superstar	2091
partnershi	2092
former	2093
colluding	2094
@matttowery	2095
runnin	2096
queasy	2097
@ggmaryp	2098
consultant	2099
polls	2100
straighten	2101
invoking	2102
skimming	2103
uniforms#usolympiccommittee	2104
policies	2105
presentation‚Äîterrific	2106
newspaper	2107
situation	2108
pleasurable	2109
spotlight	2110
wack	2111
penthouse	2112
ive	2113
#givingtuesday	2114
carefuldonald	2115
831b	2116
wow‚Äîfamily	2117
@megynkellys	2118
taoiseach	2119
engaged	2120
berra	2121
ceder	2122
friends‚Äîspent	2123
cufflinks@macys	2124
ireland‚Äîclare	2125
@clemsonfb	2126
technology	2127
fame	2128
metlife	2129
@wrestlemania	2130
expenditures	2131
missiles	2132
shuts	2133
pmet	2134
rooting	2135
threatens	2136
hopelessand	2137
econom	2138
surveillance	2139
togetherdefund	2140
underestimate	2141
otto	2142
ohpa	2143
cardin	2144
masterssee	2145
downs	2146
filner	2147
@jasondufner	2148
breakdown	2149
visually	2150
putin	2151
singapore	2152
defy	2153
births	2154
fabiola	2155
cheers	2156
@stvnews	2157
cullen	2158
@davidletterman	2159
advertisement	2160
@amy	2161
built‚Äîi	2162
disown	2163
pollsiu	2164
wholeness	2165
#stanleycup	2166
gingrich	2167
houses‚Äîi	2168
costa	2169
tracking	2170
inelegant	2171
#als	2172
@reuterspolitics	2173
@ricksantorum	2174
clich√©	2175
#asean50	2176
costs	2177
engulfing	2178
saeeds	2179
fixing	2180
hubby	2181
renta	2182
scholarship	2183
gdp	2184
summer	2185
morons	2186
215	2187
tuesdaygreen	2188
scarred	2189
211	2190
being	2191
resp	2192
@housegop	2193
#ussjohnsmccain	2194
@successmagazine	2195
rest	2196
eager	2197
#thearseniohallshow	2198
recycled	2199
@nbc6	2200
scrape	2201
planets	2202
elated	2203
cabal	2204
forewarned	2205
technocratic	2206
weekly	2207
roves	2208
#cnbc	2209
sixteen	2210
townhall	2211
grounded	2212
kirk	2213
@realdona	2214
briefings	2215
#votetrumpnh	2216
@squawkbox	2217
@cfpb	2218
instrument	2219
wince	2220
suppressed	2221
#votetrumpnv	2222
@fivediamond	2223
@colvinj	2224
#votetrumpny	2225
forbids	2226
joyful	2227
skies	2228
@maxbaucus	2229
quantico	2230
@senatorfischer	2231
turbines@alexsalmond	2232
@spoxdhs	2233
aspects	2234
around	2235
shale	2236
colony	2237
otherwiseand	2238
emanated	2239
sums	2240
landrieu	2241
unveil	2242
dark	2243
matlin	2244
summ	2245
huffpost	2246
traffic	2247
@kevincorke	2248
#nhpolitics	2249
world	2250
boycotted	2251
postal	2252
‚Äîpablo	2253
calculate	2254
bravery	2255
sensational	2256
inexpensively	2257
ranchers	2258
intel	2259
heeling	2260
62	2261
preference	2262
@mikebloomberg	2263
@hawkeyefootball	2264
tonightgang	2265
refocus	2266
@olympics	2267
#throwbackthursdays	2268
spiralaetna	2269
beverly	2270
pundits	2271
stationary	2272
clas	2273
accidentally	2274
auditorium	2275
obstruct	2276
bankruptcies	2277
@trumpnewyork	2278
tina	2279
learning	2280
@baltimoresun	2281
pushy	2282
bette	2283
babbling	2284
lebanon	2285
@guardian_sport	2286
tvs	2287
realdonaldtrump	2288
spectac	2289
cant#obamacarefailed	2290
eagle	2291
@americanlegion	2292
omikrondreamer	2293
@wta	2294
perpetrators	2295
racial	2296
thinks	2297
energetic	2298
babar	2299
scandals	2300
@jacobkamarasjns	2301
63k	2302
spurs	2303
130000	2304
substance	2305
riveting	2306
memories	2307
noon	2308
monmouth	2309
scottie	2310
erving	2311
exit	2312
nicole	2313
heatwave	2314
915	2315
clarification	2316
@danpatrickthank	2317
911	2318
910	2319
restoring	2320
912	2321
thehorrific	2322
destroys	2323
biased	2324
transformers	2325
scientific	2326
power	2327
disinformation	2328
retains	2329
ration	2330
tv1	2331
iconic	2332
disparaging	2333
addicted	2334
leadership	2335
teammate	2336
reversing	2337
luxurious	2338
@discoverycanada	2339
redding	2340
travelin	2341
stone	2342
todaysuffolk	2343
ace	2344
hopkins	2345
paperwork	2346
industry	2347
favorite	2348
acn	2349
meal	2350
baku	2351
#nvcaucus	2352
act	2353
@cnn	2354
news‚Äîafter	2355
@vegascom	2356
sacrificing	2357
decreased	2358
burning	2359
flawed	2360
image	2361
shuette	2362
whim	2363
dilloncjtf‚Äìoir	2364
homeless	2365
parties	2366
pivot	2367
800000	2368
impressive	2369
@necn	2370
legacy	2371
her	2372
hes	2373
golf‚Äîand	2374
philadelphia	2375
springsteen	2376
hed	2377
@antonioguterres	2378
11816	2379
@repreneeellmers	2380
sealed	2381
brazilian	2382
hel	2383
reportingand	2384
bubble	2385
materials	2386
you#fitn	2387
recommends	2388
complete	2389
mourns	2390
@secretaryross	2391
tailored	2392
#shopsmall	2393
shrunk	2394
reps	2395
inaugurationpick	2396
nkorea	2397
statesman	2398
mick	2399
#irma	2400
survived	2401
billionaires	2402
unreliable	2403
technologies	2404
with	2405
1030	2406
buying	2407
handsome	2408
abused	2409
pull	2410
rush	2411
october	2412
@dennisrodmans	2413
monopoly	2414
hardly	2415
sechagel	2416
ruse	2417
putters	2418
@adamcarolla	2419
taught	2420
dirty	2421
abuser	2422
asst	2423
weidman	2424
politically	2425
agree	2426
rust	2427
regimes	2428
detailed	2429
gone	2430
ac	2431
#maga	2432
citizenship	2433
ag	2434
importantwhat	2435
exhausted	2436
certain	2437
ak	2438
forgot	2439
am	2440
al	2441
watches	2442
an	2443
celebritys	2444
ap	2445
as	2446
ar	2447
at	2448
@varneyco	2449
aids	2450
jobgreat	2451
watched	2452
@ibdeditorials	2453
gruber	2454
rod‚Äîhe	2455
@colts	2456
ward	2457
#badratings	2458
beaming	2459
ideally	2460
#apec	2461
mandated	2462
yogi	2463
watching‚Äîreally	2464
@wweraw	2465
robbed	2466
ren√©e	2467
fransisco	2468
morning‚Äî	2469
crookeds	2470
someones	2471
bailed	2472
puppy	2473
iraqhe	2474
intention	2475
disgraceful	2476
presenting	2477
shutdowns	2478
anyoneits	2479
congress	2480
enrolled	2481
acosta	2482
6m	2483
gifts	2484
trending	2485
brotherhood	2486
sponsored	2487
‚Äìcuomo	2488
#hurricanemaria	2489
@surveyusa	2490
misleadingly	2491
w@atherealkiyosaki	2492
natalie	2493
@nbcnightlynews	2494
rr	2495
masa	2496
visits	2497
tricks	2498
oprah	2499
mask	2500
hello	2501
fraudulent	2502
mass	2503
nelson	2504
lohan	2505
searched	2506
original	2507
waiver	2508
cpw	2509
@nbcinvestigates	2510
consider	2511
@borisep	2512
caused	2513
instincts	2514
hampton	2515
raffaele	2516
lassner	2517
code	2518
tours	2519
@nymag	2520
welfare	2521
williams‚Äîi	2522
well‚Äîhe	2523
urbane	2524
reasoning	2525
scs	2526
msmers	2527
@realdonaldtrumps	2528
andrea	2529
disciples	2530
tx	2531
ty	2532
tv	2533
balances‚Äîa	2534
tt	2535
cheney	2536
spirit	2537
riots	2538
to	2539
chewing	2540
th	2541
smile	2542
td	2543
midwest	2544
carters	2545
@jlorenz	2546
#unga	2547
roadway	2548
case	2549
irrelevance	2550
@carlosbeltran15	2551
returned	2552
moreland	2553
birthers	2554
@wtoc11	2555
hughes	2556
documentaries	2557
baton	2558
spectacles	2559
staion	2560
trillions	2561
diary	2562
hammering	2563
exxonmobil	2564
labor	2565
24th	2566
existing	2567
@flgovscott	2568
condition	2569
bottomless	2570
rightninety	2571
highways	2572
moines	2573
cable	2574
rusting	2575
shenanigans	2576
catherine	2577
103m	2578
laying	2579
joined	2580
policy@mittromney	2581
@scottkwalkers	2582
large	2583
deja	2584
scrapping	2585
sane	2586
filling	2587
harry	2588
small	2589
dodges	2590
senselessly	2591
fashion	2592
wealthiest	2593
mosul	2594
maggie	2595
humongous	2596
@tvbythenumbers	2597
bachmann	2598
lecturing	2599
couric	2600
195	2601
194	2602
penalties	2603
191	2604
190	2605
192	2606
past	2607
etpt	2608
pass	2609
assaults	2610
sacrificesthe	2611
situated	2612
islami	2613
eradication	2614
richard	2615
clock	2616
virginia#makeamericagreatagaintickets	2617
5t	2618
centers	2619
prevailed	2620
schumer	2621
hensarling	2622
curiel	2623
scientists	2624
corker	2625
avenues	2626
gruters	2627
whereupon	2628
revealing	2629
@hollysandersgc	2630
myanmar	2631
full	2632
escaping	2633
sarasota	2634
empower	2635
lobbyist	2636
indecision	2637
bldg	2638
hours	2639
smartest	2640
voyagenext	2641
scheming	2642
civilians	2643
concluding	2644
breached	2645
november	2646
legend	2647
hunts	2648
riviera	2649
compliance	2650
@wplglocal10	2651
4real	2652
experience	2653
pics	2654
barkleyfrance	2655
prior	2656
coolest	2657
love@	2658
pick	2659
action	2660
aramco	2661
corps	2662
luck	2663
smuggle	2664
@liswiehl	2665
prosecutorial	2666
#trump2016#supertuesday	2667
via	2668
followed	2669
grapes	2670
bocelli	2671
enactment	2672
at700	2673
show‚Äî	2674
vis	2675
@fundanything	2676
punches	2677
wdiverse	2678
pulls	2679
brzezinski	2680
#neverhillary	2681
select	2682
855	2683
@cbnnews	2684
attendance	2685
grateful#lawenforcementappreciationdaypresident	2686
ridding	2687
trips	2688
objectives	2689
uniqueness	2690
mort	2691
of@missuniverse	2692
#trump2016#makeamericagreatagaintickets	2693
pearl	2694
sassoon	2695
fragrance	2696
6	2697
#3	2698
blinders	2699
africa‚Äîbefore	2700
more	2701
teen	2702
#teamtrump	2703
#caucusfortrump11am	2704
door	2705
@allenwronowski	2706
company	2707
spoils	2708
outsideif	2709
tested	2710
muchgreat	2711
foundations	2712
@doral	2713
#wcs16	2714
aprils	2715
tees	2716
negativity	2717
cunning	2718
@rupertmurdoch	2719
keeping	2720
1ky	2721
science	2722
@usairforce	2723
rod‚Äîthey	2724
@goldenglobes	2725
midstream	2726
mall	2727
bias	2728
@arod	2729
evolved	2730
learn	2731
knocked	2732
chairing	2733
@gopleader	2734
yourselfyou	2735
beautiful	2736
scam	2737
memoirs	2738
taunt	2739
stated	2740
lives	2741
40mph	2742
staten	2743
accept	2744
night‚Äîget	2745
states	2746
biden	2747
fiercely	2748
sense	2749
gallon	2750
10kasich	2751
disliked	2752
dress	2753
@rudygiuliani	2754
condemn	2755
toni	2756
huge	2757
#makeamericagreatagain#trump2016¬†	2758
torture	2759
@stevescalise#teamscalise	2760
#familytime	2761
@endakennytd	2762
hugo	2763
fruition	2764
on@gretawire	2765
dismissed	2766
donnellys	2767
wgcthanks	2768
glowing	2769
disturbed	2770
@dangerusswilson	2771
earnings	2772
cajole	2773
@unionleader	2774
@mlauer	2775
@realsheriffjoes	2776
@therevals	2777
plant	2778
intended	2779
countryside	2780
golfworse	2781
brets	2782
brett	2783
treatments	2784
entrepreneurship	2785
plane	2786
@billcassidy	2787
develop	2788
ethics	2789
authentic	2790
@trumpchicagos	2791
disgraces	2792
shelter	2793
refuse	2794
@neilmidgley	2795
@tngcj	2796
register	2797
#silentmajority	2798
@gerardtbaker	2799
declining	2800
indebtedness	2801
immigration#debate	2802
broadcasting	2803
12trillion	2804
ny‚Äîan	2805
nationno	2806
heisman	2807
@melaniebatley	2808
property‚Äîand	2809
annapolis	2810
leaderswe	2811
greats	2812
enrollees	2813
wandered	2814
mexican	2815
moscows	2816
#strongisbeautiful	2817
reminded	2818
@jimmyv3	2819
trade	2820
pollthank	2821
resorts	2822
attitude	2823
paper	2824
scott	2825
deficithe	2826
signs	2827
broadway	2828
turbine	2829
497	2830
its	2831
roots	2832
laced	2833
@thomasaroberts	2834
rapidly	2835
thereon	2836
mistreated	2837
@trumpinaugural	2838
@newsmax	2839
gerald	2840
caesars	2841
deeds	2842
chapos	2843
minerals	2844
corpus	2845
taxes#debates¬†	2846
individuals	2847
ruining	2848
isaac	2849
knute	2850
travelling	2851
ally	2852
mulvaney	2853
lowell	2854
#draintheswamprasmussen	2855
skipped	2856
tyrants	2857
severely	2858
sucker	2859
gadget	2860
agree#bigleaguetruth	2861
sertas	2862
terre	2863
#draintheswam	2864
olivia	2865
#freeourmarine	2866
icymi	2867
@sertamattresses	2868
@cnnpolitics	2869
sucked	2870
#trumppets	2871
shifty	2872
wpaul	2873
loser‚Äîa	2874
cpac2013	2875
everytime	2876
always	2877
#teenusa	2878
truths	2879
@franklin_graham	2880
courses	2881
@nordstrom	2882
moronic	2883
repayment	2884
aggrieved	2885
1am	2886
found	2887
shocking	2888
years@alexsalmond	2889
credibility‚Äîa	2890
investigators	2891
choice‚Äîand	2892
status	2893
cties	2894
england	2895
bends	2896
@westjournalism	2897
@jasonmillerindc	2898
resolute	2899
slain	2900
@elianayjohnson	2901
reduce	2902
pedantic	2903
funneling	2904
clockwork	2905
exorbitant	2906
investigated	2907
fewer	2908
millers	2909
advertisers	2910
operation	2911
really	2912
anxious	2913
ditch	2914
missed	2915
ernie	2916
snubbing	2917
savage	2918
thescotsman	2919
research	2920
trendiest	2921
trudeau	2922
signings	2923
grads	2924
cokehead	2925
darling	2926
plotting	2927
salute	2928
joes	2929
shaheen	2930
nervously	2931
82800	2932
#rio2016	2933
belief	2934
risen	2935
@reppaulryans	2936
doers	2937
bedlam	2938
@jonahnros	2939
@jacknicklaus	2940
30barrel	2941
qualify	2942
pitfalls	2943
conditioning	2944
@presidentruvi	2945
imagine	2946
#makeamericaworkagain	2947
#icebucketchallenge	2948
rises	2949
grandchildrens	2950
definition	2951
owners	2952
@charleshurt	2953
retained	2954
@trscoop	2955
submarines	2956
graded	2957
tru	2958
excluding	2959
üëç	2960
elective	2961
w	2962
bumper	2963
testament	2964
dimes	2965
@customsborder	2966
hyderabad	2967
major	2968
americ	2969
statue	2970
@hannahbsampson	2971
2012s	2972
recruiting	2973
guam	2974
families#crookedhillary	2975
number	2976
preservation	2977
sequester	2978
exceeded	2979
@jefftutorials	2980
seasonhence	2981
kobe	2982
@scaramucci	2983
guess	2984
heads	2985
leverage	2986
jet	2987
introduction	2988
arlington	2989
swipe	2990
threatening	2991
litany	2992
leavingcorruption	2993
tradition	2994
jeb	2995
duscussing	2996
flimsy	2997
hamptons	2998
interviewing	2999
saint	3000
cavedgambled	3001
jeh	3002
53christie	3003
platinum‚Äîtell	3004
@newsmax_media	3005
@cnbc	3006
relationship	3007
@club4growth	3008
sweet	3009
interviewed	3010
immediate	3011
playmate	3012
appreciation	3013
threaded	3014
consult	3015
focusing	3016
theater	3017
interviewer	3018
rampant	3019
grace	3020
obama	3021
ungrateful	3022
aaa	3023
@donnydeutsch	3024
mboyle1	3025
iranian	3026
condolences	3027
bitter	3028
magazine‚Äîthanks	3029
@killoughcnn	3030
getaway	3031
@twtravelnews	3032
defends	3033
@mattbevin	3034
determined	3035
emirates	3036
support#americafirst	3037
bodied	3038
hyde	3039
hewitt	3040
remembers	3041
rioting	3042
@theblazebooks	3043
navigators	3044
absorb	3045
#maga3pm	3046
45000	3047
canceling	3048
@luisriveramarin	3049
@usarmy	3050
guarding	3051
antarctica	3052
@coachdanmullen	3053
#defendthesecond	3054
horrendously	3055
highrise	3056
clintonmy	3057
collapse	3058
sell	3059
apparent	3060
dude	3061
clutch	3062
derogatory	3063
vulnerabilities	3064
self	3065
@terrybranstad	3066
reliance	3067
deplorables#trumptrain	3068
also	3069
260	3070
internal	3071
relies	3072
planners	3073
make‚Äîwhere	3074
declines	3075
#defundobamacare	3076
@kimguilfoyle	3077
@antbaxter‚Äîyour	3078
transparent	3079
play	3080
pakistani	3081
swiftly	3082
@bizpacreview	3083
staffers	3084
@senatorsessions	3085
lynne	3086
floridamiami	3087
brooklyn	3088
plan	3089
metickets	3090
accepting	3091
sc‚Äîfar	3092
broaddrick	3093
86barrel	3094
orlando	3095
understands	3096
omaha	3097
tpa	3098
covey	3099
tpm	3100
sometimes	3101
cover	3102
corzine	3103
@bndarticles	3104
barred	3105
lounge	3106
tpr	3107
tpp	3108
145pm	3109
mutilated	3110
barrel	3111
@floydmayweather	3112
attacking	3113
financeable	3114
slugged	3115
despise	3116
morsi	3117
golf	3118
gold	3119
repub	3120
defended	3121
bookings	3122
hadnt	3123
nasdaq	3124
session	3125
expressed	3126
americaexecutive	3127
entity	3128
defender	3129
mistreating	3130
overwhelmed	3131
marriot	3132
impact	3133
indicator	3134
mathwhat	3135
@mrsvanessatrump	3136
writes	3137
writer	3138
wisconsinthank	3139
@cntravelers	3140
failed	3141
@brandonhardest	3142
wayne	3143
@tonylarussa	3144
anymore‚Äîa	3145
factor	3146
@marianorajoy	3147
#g7taormina	3148
giants	3149
boarding	3150
pleading	3151
#veterans	3152
grieving	3153
dependent	3154
beams	3155
banned	3156
contingent	3157
sunny	3158
@suntimes	3159
@usatodaysports	3160
2a	3161
remedy	3162
anxiety	3163
preparing	3164
closely	3165
reporters	3166
@nickfaldo006	3167
president‚Äîstay	3168
4pme	3169
frightening	3170
judged	3171
dustin	3172
enemy	3173
@senategop	3174
belichick	3175
sleeve	3176
@robertgbeckel	3177
#cpacco	3178
#kimmel	3179
credibilityshe	3180
harassing	3181
banking	3182
weds	3183
frantically	3184
inductees	3185
ivanka	3186
river	3187
approaching	3188
insane	3189
set	3190
lincolnreagan	3191
@marianorivera	3192
creator	3193
allis	3194
arts	3195
carrying	3196
activists	3197
instituted	3198
@seanspicer	3199
sex	3200
signups	3201
see	3202
sec	3203
migration	3204
sea	3205
polish	3206
sen	3207
50barrel	3208
aberdeen	3209
863000	3210
knees	3211
#	3212
@billygrahams	3213
ritz	3214
@billdeblasio	3215
movie	3216
currently	3217
rejecting	3218
kneeling	3219
@stephenathome	3220
#standforouranthem	3221
apologetic	3222
via¬†@fitsnews	3223
halfway	3224
monsters	3225
kneel	3226
@donaldjtrumpjrs	3227
europe	3228
organizing	3229
condition‚Äîrepave	3230
targeted	3231
surrogates	3232
brewing	3233
@newsbusters	3234
disallow	3235
#nasdaq	3236
respondents	3237
renewed	3238
@kwwl	3239
condoned	3240
again#nosanctuaryforcriminalsact	3241
@sfluxe	3242
embargoed	3243
@linksmagazines	3244
empowering	3245
prospects	3246
gumbel	3247
last	3248
@mauriciomacri	3249
influential	3250
womans	3251
@progressindex	3252
@cwo_dotcom	3253
connection	3254
@emilymillers	3255
wholl	3256
scams	3257
crushing	3258
thur	3259
let	3260
whole	3261
blaze	3262
healing	3263
visionaries	3264
electiondonald	3265
17cruz	3266
roff	3267
majesty	3268
drunk	3269
acted	3270
allegiance	3271
community	3272
coincidence	3273
keysyone	3274
unelectable	3275
agents	3276
herlove	3277
church	3278
sammy	3279
trumpcollections	3280
3billion	3281
clifton	3282
belt	3283
devin	3284
worthless	3285
@liljon	3286
cream	3287
kimberly	3288
@netflix	3289
acceptance	3290
ussenate	3291
#neprimary	3292
hitting	3293
unpatriotic	3294
citations	3295
extravagant	3296
@nasa	3297
dealmaker	3298
widening	3299
nugent	3300
firm	3301
7291	3302
sweetheart	3303
nursultan	3304
nro	3305
champion	3306
counting	3307
fire	3308
@dc_decoder	3309
nra	3310
wheeler	3311
overregulates	3312
fund	3313
ints	3314
races	3315
awake	3316
representative	3317
systematic	3318
insiders	3319
deport	3320
consulate	3321
stupidno	3322
mlb	3323
handling	3324
uncertain	3325
#donate	3326
hostess	3327
¬£24	3328
judicial	3329
romneys	3330
expanded	3331
attempts	3332
budget	3333
‚Äìever	3334
technical	3335
@luxurydaily	3336
seed	3337
pressed	3338
macleod	3339
error	3340
kissing	3341
2k	3342
huffington	3343
voteshundreds	3344
mannerthe	3345
@thebrodyfile	3346
@diamondandsilk	3347
hoping	3348
templeton	3349
backing	3350
lightshe	3351
binding	3352
36	3353
owes	3354
beautifully	3355
@deedeesorvino	3356
robin	3357
looms	3358
elements	3359
chase	3360
renounced	3361
funny	3362
thingswhy	3363
barney	3364
#hurricaneirma	3365
9trillion	3366
seamstress	3367
874	3368
warheads	3369
elevated	3370
rules	3371
demand@trumprink	3372
nation‚Äîand	3373
virtually	3374
@senalexander	3375
shabbab	3376
forgiveness	3377
retractions	3378
209000	3379
amb	3380
visionaries‚Äîthey	3381
comprehensive	3382
@bizbash	3383
alert	3384
250th	3385
viewing	3386
levels	3387
medicaid	3388
necessity	3389
100000000	3390
nickname	3391
implement	3392
#g7	3393
recent	3394
nyc‚Äîcongratulations	3395
canned	3396
israelthey	3397
schneiderman	3398
@pressjournal	3399
kelli	3400
stephanie	3401
abusive	3402
@cpacnews	3403
picks	3404
verlander	3405
person	3406
dimon‚Äîi	3407
@mike_pence	3408
@secretarysonny	3409
kelly	3410
@clewandowski_	3411
clearance	3412
russiarussia	3413
87c	3414
sims	3415
#macysparade	3416
detract	3417
shulkin	3418
woodward	3419
buchanan	3420
#pearlharbor	3421
91801	3422
suffolk	3423
arrests	3424
plagued	3425
strasburg	3426
stunt	3427
disrespected	3428
3040	3429
@polizeihamburg	3430
unto	3431
@statedeptspox	3432
@pgatours	3433
execution	3434
defenders	3435
@wayneallynrootvery	3436
@makeitvisible	3437
readers	3438
surprises	3439
queen	3440
fitting	3441
aloha	3442
pillars	3443
@49ers	3444
daughterread	3445
location	3446
homeland	3447
presidents	3448
relevance	3449
mandan	3450
surprised	3451
leadership‚Äîvery	3452
#ussgeraldrford	3453
journalnbc	3454
australia	3455
victims	3456
zeckendorf	3457
emergency	3458
demands	3459
@fbiboston	3460
couple	3461
hokey	3462
bureaucrat	3463
located‚Äîall	3464
suffering	3465
quest	3466
underachieving	3467
abound	3468
@morningmika	3469
@thedonnasummer	3470
@jayleno	3471
@alweaver22trump	3472
projects	3473
heightened	3474
75th	3475
layoffs	3476
imposed	3477
d	3478
#thankyoutour2016	3479
marquee	3480
squandered	3481
anytime	3482
@greggutfeld	3483
@justinrose99	3484
communications	3485
continue	3486
quarterback	3487
scape	3488
timepieces	3489
stylish	3490
#newyorkvalues	3491
@nyrangers	3492
names	3493
@ashleycam2883	3494
shipments	3495
partying	3496
methods	3497
1trillion	3498
senate	3499
spring	3500
yulin	3501
bounce	3502
@rnc	3503
b4	3504
palm	3505
orison	3506
mideast	3507
curious	3508
obamareidnunns	3509
committing	3510
halo	3511
battleship	3512
swimsuits	3513
twinkle	3514
@joesquawk	3515
shall	3516
oblivion	3517
staple	3518
religion	3519
behave	3520
@inverurieherald	3521
#americanunity	3522
talackova¬†does	3523
dating	3524
pools	3525
temple	3526
shooters	3527
be	3528
limitless	3529
bc	3530
w@mayorbloomberg	3531
petreus	3532
645m	3533
agreement	3534
deliverables	3535
cuts#makeamericagreatagain	3536
outdoor	3537
bp	3538
nowhere	3539
santa	3540
bs	3541
@deadspins	3542
by	3543
dc‚Äîa	3544
nightcrooked	3545
metrics	3546
wildlife	3547
@timdevaney	3548
zip	3549
anything	3550
simplify	3551
trounced	3552
hatchet	3553
wrinkles	3554
melbourne	3555
deserves	3556
ambush	3557
attkisson	3558
stuart	3559
gallagher	3560
#soldiers	3561
rituals	3562
@davewalkertv	3563
fired‚Äîfor	3564
810pm	3565
novimichigan	3566
colorado	3567
garbage	3568
terrorists	3569
subcommittee	3570
hometown	3571
into	3572
#mdw	3573
@monicacrowley	3574
servers	3575
investigator	3576
¬†i	3577
appropriate	3578
middleton	3579
primarily	3580
contributor	3581
burdens	3582
@tomhanks	3583
lebron	3584
katie	3585
wsenior	3586
hellhole	3587
#trump2016march	3588
@cnbcs	3589
spending	3590
glowingly	3591
@jonathanchait	3592
bargaining	3593
submit	3594
filthy	3595
@realbhorowitz	3596
occupy	3597
crackdown	3598
admiral	3599
suit	3600
spar	3601
afghanistant	3602
rhetorical	3603
@foxsportsgolf	3604
ceiling‚Äîbe	3605
opens	3606
#soldierridedc	3607
@toure	3608
linebacker	3609
litigate	3610
hawaiian	3611
#hurricaneharvey	3612
jewish	3613
poster	3614
dowd	3615
undecideds	3616
pastor	3617
shouldbe	3618
alienssave	3619
atlantic	3620
pacific	3621
fdny	3622
@midastouch	3623
coldest	3624
line	3625
mattarella	3626
doubling	3627
revelation	3628
posted	3629
diligent	3630
cia	3631
profit‚Äîthey	3632
erick	3633
impt	3634
ut	3635
forjoan	3636
up	3637
us	3638
kiyosaki@therealkiyosaki	3639
un	3640
@rgreggkeller	3641
verification	3642
uk	3643
faded	3644
@lord	3645
shortcoming	3646
execs	3647
unparalleled	3648
gettysburg	3649
yelled	3650
@shaqs	3651
2014s	3652
@theteaparty_nets	3653
aerial	3654
armstrong	3655
tahmooressis	3656
defined	3657
@jaymaga45	3658
cowboys	3659
influence	3660
haunt	3661
bridgeport	3662
@christianpost	3663
diverse	3664
espn‚Äîtwo	3665
republicansnot	3666
chat	3667
miller‚Äîgreat	3668
#cruzcrew	3669
cultivate	3670
phantom	3671
@8pm	3672
thugs	3673
@magicjohnson	3674
alisyn	3675
noko	3676
#trumpdallas	3677
outsourcer	3678
tara	3679
lightweights	3680
uranium	3681
reimbursed	3682
preventing	3683
television‚Äînow	3684
points	3685
actors	3686
garnett	3687
@themichellewie	3688
conditioners	3689
retract	3690
tarp	3691
outsourced	3692
700000	3693
#trumprallytickets	3694
wrongly	3695
girardi	3696
ryans	3697
wonderfully	3698
sided	3699
scrum	3700
skit	3701
beneficial	3702
proclamations	3703
squirm	3704
suppression	3705
#americafirstvideo	3706
sides	3707
@uva	3708
@nbc	3709
ago	3710
@brentbozell	3711
lane	3712
land	3713
fighter	3714
@governorva	3715
reasoned	3716
scotch	3717
age	3718
renounce	3719
holes	3720
@griffin	3721
walked	3722
romneycareobamacare	3723
watertown	3724
summit	3725
365000	3726
confederation	3727
enrollee	3728
verdes	3729
walker	3730
fresh	3731
marvel	3732
haberman	3733
having	3734
monterey	3735
@drudgereport	3736
modernizing	3737
partial	3738
advisory	3739
akbar	3740
scratch	3741
results	3742
astronauts	3743
qvc	3744
enjoyable	3745
floridawatch	3746
softer	3747
#buyamericanhireamerican	3748
legal	3749
broader	3750
minerscoal	3751
gossip	3752
flashback	3753
resonate	3754
crying	3755
on@squawkcnbc	3756
seemed	3757
admited	3758
#harveypitt	3759
@frankluntz	3760
concerned	3761
1145	3762
young	3763
send	3764
citing	3765
meetingswork	3766
@jaydabf	3767
visitor	3768
interesting@barackobamas	3769
dislike	3770
subscription	3771
sent	3772
@alisonforky	3773
republicans‚Äîthey	3774
retire	3775
garden	3776
tulsa	3777
continues	3778
course@trumpturnberry	3779
#freespeech	3780
researchengineering	3781
manipulated	3782
huckebee	3783
sexist	3784
time‚Äîno	3785
animals	3786
nieto	3787
continued	3788
rainbowpush	3789
categories	3790
ctrump	3791
northwestern	3792
magic	3793
@govmike	3794
@johnrobertsfox	3795
shabaab	3796
harbor	3797
experiencing	3798
politicsand	3799
eve	3800
lombardi	3801
damning	3802
try	3803
threat	3804
odomirok	3805
race	3806
@dcsheriff	3807
lysacek	3808
rebate	3809
todayopec	3810
@foxsports	3811
athlete	3812
@bashirlive	3813
#sweepstweet	3814
phillips	3815
10‚Äîbad	3816
@teamtrump	3817
pledge	3818
cnns	3819
outtomorrow	3820
plan#makeamericagreatagain	3821
sexism	3822
mediterranean	3823
tixs	3824
mishap	3825
recruitment	3826
@darrenjjordan	3827
video	3828
benefitting	3829
@lisalampanelli‚Äîthis	3830
missy	3831
licenses	3832
@citadelgops	3833
odd	3834
leakage	3835
victor	3836
graduating	3837
index	3838
w@kingsthings	3839
sweats	3840
lehman	3841
kamin	3842
asap	3843
djt	3844
indias	3845
richmond	3846
consistently	3847
indian	3848
turnaround	3849
expresses	3850
firms	3851
charade	3852
bird	3853
slabs	3854
dror	3855
led	3856
lee	3857
chinas	3858
@websta	3859
panelists	3860
communicate	3861
gathered	3862
punch	3863
delivering	3864
boca	3865
@americasgottalent	3866
againjeb	3867
les	3868
poverty	3869
euro	3870
consideration	3871
@dannyzuker	3872
invented	3873
@miss	3874
@sheriffclarke	3875
great	3876
engage	3877
#happyindependenceday	3878
receive	3879
involved	3880
casino	3881
rdy	3882
sustainability	3883
#zeldinforcongress	3884
ment	3885
@jonhuntsman	3886
survey	3887
grandchild	3888
defeat	3889
@teresa_giudice	3890
opinion	3891
residents	3892
weasels	3893
makes	3894
maker	3895
maimonides	3896
thats	3897
holmes	3898
marc	3899
panicked	3900
roof‚Äîgood	3901
338	3902
boudin	3903
#nevertrumpers	3904
@edrendells	3905
zealand	3906
1934	3907
sgt	3908
333	3909
outcomes	3910
them‚Äìmidas	3911
weaker	3912
dumbest	3913
ninth	3914
@franksfight	3915
tools	3916
kinston	3917
@alabamaftbl	3918
standing	3919
confidence	3920
@bob_writes	3921
130pme	3922
certificate	3923
illegal	3924
ext	3925
@andrewyoung	3926
theme	3927
next	3928
wthought	3929
eleven	3930
doubt	3931
exceptionally	3932
tahoe	3933
astound	3934
yardstick	3935
@mariatcardona	3936
throu	3937
nonpolitical	3938
rick	3939
@datelinenbc	3940
slim	3941
babe	3942
shipwreck	3943
infamy	3944
wades	3945
bobbing	3946
rode	3947
@macmiller	3948
occurred	3949
@twitternyc	3950
levin	3951
@georgewill	3952
dealings	3953
opposing	3954
baby	3955
unopposed	3956
northamwho	3957
border‚Äîits	3958
kaput	3959
charity	3960
@jrubinblogger	3961
watchdogtime	3962
practicing	3963
effectively	3964
this	3965
@humanevents	3966
challenge	3967
clients	3968
insists	3969
pour	3970
istanbulturkey	3971
soon‚Äîlong	3972
emerson	3973
@thedailybeast	3974
@betbrod	3975
publications	3976
drill	3977
@nougatine_nyc	3978
@fitsnews	3979
fulfill	3980
youkilis	3981
plug	3982
#potusinpoland	3983
wearing	3984
bens	3985
lowlifes	3986
bent	3987
pawn	3988
chosen	3989
process	3990
lock	3991
comfor	3992
trumped	3993
exports	3994
respected‚Äîonce	3995
pieces	3996
high	3997
failing‚Äîwho	3998
nears	3999
bend	4000
#sandy	4001
rods	4002
reynolds	4003
trumper	4004
weaken	4005
chop	4006
educational	4007
845am	4008
wjim	4009
#vpe	4010
destroying	4011
european	4012
@debsopan	4013
delay	4014
thrive	4015
favorite‚Äî	4016
paley	4017
animal	4018
120000	4019
#maythe4thbewithyou	4020
@thenyrangers	4021
comedy	4022
establishment	4023
luster	4024
tomorrow#trump2016	4025
thinkking	4026
immediately‚Äîmake	4027
aspiring	4028
testimony	4029
tied	4030
@kobradovich	4031
winour	4032
vineyards	4033
pigs	4034
#happynewyear	4035
demonstrating	4036
tier	4037
ties	4038
lambasted	4039
#yomkippur	4040
upstate	4041
solidarity	4042
realized	4043
ot	4044
boeing	4045
democracy	4046
22nd	4047
obama‚Äîi	4048
@fbnatb	4049
counter	4050
robot	4051
element	4052
acquitted	4053
@parademagazine	4054
realizes	4055
allow	4056
pyramids	4057
intellectuals	4058
heartrump	4059
volunteers	4060
1271941	4061
houston	4062
hot‚Äînow	4063
flopper	4064
vetoedcont	4065
producer	4066
produces	4067
#texttrump88022	4068
vaccinated	4069
move	4070
salivating	4071
researching	4072
produced	4073
@sethmeyers	4074
@tvbythenumberstv	4075
@bovanpelt	4076
hotcakes	4077
operative	4078
warren	4079
perfect	4080
regions	4081
goethe	4082
jodi	4083
@slandinsocal	4084
meantime	4085
tyrone	4086
@nealconan	4087
degrees	4088
2018	4089
@graeme_mcdowell	4090
2015	4091
2014	4092
2017	4093
2016	4094
2011	4095
2010	4096
2013	4097
2012	4098
disservice	4099
randal	4100
designs	4101
crucial	4102
disrupter	4103
kozlowski	4104
docs	4105
repercussions	4106
@investopedia	4107
mediocre	4108
harrisburg	4109
freaky	4110
legendary	4111
moneyits	4112
realize	4113
presidential	4114
day#thankaveteran	4115
liberia	4116
uprighting	4117
autistic	4118
scenic	4119
530000	4120
bulgers	4121
merge	4122
denzel	4123
truth	4124
shortage	4125
accounts	4126
beneath	4127
@danamiras	4128
glasses	4129
well‚Äîhes	4130
mets	4131
sadler	4132
shower	4133
@repweiner	4134
doing	4135
again#makeamericagreatagain	4136
sportsman	4137
society	4138
books	4139
kilmeadereally	4140
blocks	4141
fraudsters	4142
agriculture	4143
fb	4144
witness	4145
@youtube	4146
rigging	4147
shrinking	4148
desert	4149
wikileakes	4150
monumental	4151
@senatorsheehan	4152
@agschneiderman	4153
dominated	4154
evacuation	4155
briefed	4156
#trump2016life	4157
unsubstantiated	4158
highs	4159
czar	4160
troop	4161
@mikeozanian	4162
shut	4163
gonzalo	4164
@mittromne	4165
unwieldy	4166
tempo	4167
inferiority	4168
selective	4169
temps	4170
everybod	4171
loomed	4172
citycasting	4173
@independent_ie	4174
yetthe	4175
regulatory	4176
embarrass	4177
@ossoff	4178
emboldens	4179
shortest	4180
defining	4181
scary	4182
pershing	4183
futureread	4184
35000000	4185
@macys‚Äîgreat	4186
spill	4187
@thedailymeal	4188
gallons	4189
could	4190
dictator	4191
w@seanhannity	4192
david	4193
length	4194
serenity	4195
removing	4196
davis	4197
hussein	4198
saul	4199
strictly	4200
scarf	4201
errol	4202
458	4203
fda	4204
exonerated	4205
taco	4206
blown	4207
450	4208
@corybooker	4209
rescinding	4210
naghmeh	4211
hopeyou	4212
touring	4213
owned	4214
jesus	4215
muhammad	4216
thetoday	4217
3pmticketsgolden	4218
affliction	4219
owner	4220
blows	4221
@nbcdfw	4222
scent	4223
marrow	4224
nypost	4225
legislative	4226
happened‚Äîi	4227
reference	4228
los	4229
festival	4230
charlottesvillevirginia	4231
detailing	4232
system	4233
@yuliedelstein	4234
backdoor	4235
@pewresearch	4236
sergeant	4237
decorations	4238
travelled	4239
18290clinton	4240
behaved	4241
65t	4242
painful	4243
evacuated	4244
interests	4245
enforcement	4246
lot	4247
@ges2017	4248
gotcha	4249
lou	4250
megan	4251
#potus#trump2016	4252
depressing	4253
awaywe	4254
98m	4255
applauds	4256
cultures	4257
8thbecause	4258
elite	4259
retraction	4260
#ncgopcon	4261
steel	4262
winnable	4263
colleagues	4264
valley	4265
warfare	4266
#trumpferrypoint	4267
bother	4268
haterseven	4269
aggressor	4270
gaye	4271
tortured	4272
roberts	4273
appealing	4274
allure	4275
gays	4276
negatively	4277
night#makeyoutubegreatagain	4278
reagans	4279
steer	4280
collecting	4281
gaga	4282
false	4283
shrinks	4284
@janicetaylor912	4285
‚Äìhe	4286
@ivankatrumps	4287
partnership	4288
podestas	4289
tonight	4290
gentle	4291
750	4292
defending	4293
langone	4294
sliwa	4295
clearly	4296
viewed	4297
prohibits	4298
documents	4299
@latinovoices	4300
4000	4301
studying	4302
747spay	4303
likud	4304
globeandmail	4305
adjunct	4306
jeremiah	4307
bonanza	4308
incorporating	4309
disappointing	4310
linda	4311
korean	4312
latino	4313
lipton	4314
soap	4315
persistence	4316
soar	4317
worldwide	4318
02	4319
nancy	4320
manor	4321
fidel	4322
collapsing	4323
#sayfie	4324
doug	4325
caputo	4326
courtesy	4327
visa	4328
@ibtimes	4329
rollout	4330
@ajdukakis	4331
@anndromneys	4332
segment	4333
lost‚Äîdo	4334
hypocrite	4335
placement	4336
@pagesix	4337
sweeping	4338
narrated	4339
stronger	4340
thanksgiving	4341
face	4342
deadpan	4343
#19	4344
400k	4345
400m	4346
fiasco	4347
#situationroom	4348
wounded	4349
bret	4350
fact	4351
atmosphere	4352
sail	4353
thingshrc	4354
scotts	4355
disputing	4356
stream	4357
terminate	4358
disbanded	4359
bring	4360
38thüìàrecord	4361
5142017	4362
manchester	4363
lloyd	4364
rouge	4365
ripoff	4366
asylum	4367
economist	4368
ermey	4369
decade	4370
tapp	4371
fictious	4372
costco	4373
#baracktax	4374
@omarosas	4375
jay	4376
championed	4377
mute	4378
riches	4379
#government	4380
kuchar	4381
should	4382
jan	4383
score	4384
tape	4385
46¬∫	4386
#mitt2012	4387
@dianesawyer	4388
riding	4389
secretaries	4390
hope	4391
jaber	4392
meant	4393
jackpot	4394
insight	4395
handle	4396
all#maga	4397
listened	4398
means	4399
familiar	4400
@cnbcclosingbell	4401
lucky	4402
impeachment	4403
#buyamericanhireamericanwatch	4404
autos	4405
@jordansekulow	4406
baracks	4407
exchanges	4408
@macmiller‚Äîi	4409
defenseless	4410
shaping	4411
now‚Äîwere	4412
following	4413
committees	4414
joke‚Äîshould	4415
contemptible	4416
h	4417
ffcs	4418
wtheir	4419
wilmington	4420
#inaugurationday	4421
taxes	4422
@tomllamasabc	4423
reid	4424
extremists	4425
stuff	4426
@woodyjohnson4	4427
allegation	4428
unfeasible	4429
taxed	4430
monstrosities	4431
it‚Äîmexico	4432
receptive	4433
flopped	4434
withstand	4435
btw	4436
qtr	4437
@nypost_willis	4438
indecisive	4439
catastrophic	4440
frame	4441
credo	4442
clan	4443
llp	4444
edition	4445
418	4446
slanted	4447
credit‚Äîhe	4448
betrays	4449
@reptommarino	4450
cnbcs	4451
wire	4452
@lord_sugar‚Äîunlike	4453
destiny	4454
insulting	4455
tomorrow‚Äîbig	4456
@umassamherst	4457
nuclear	4458
partisan	4459
@adidas	4460
#ncaachampions	4461
thoughtlessness	4462
misspelled	4463
eyeing	4464
@sternshow	4465
taunting	4466
carolla	4467
depraved	4468
nominees	4469
@monicacrowleys	4470
harsher	4471
youll	4472
email	4473
ends	4474
refutation	4475
explosive	4476
tricky	4477
150m	4478
comebacks	4479
#stockalert	4480
@kcautv	4481
scolds	4482
clintonlynch	4483
@conservreview	4484
fundanything	4485
@furnituretoday	4486
#congressionalbaseballgame	4487
weary	4488
930p	4489
absentee	4490
@landexpo	4491
restrictions	4492
cruze	4493
figured	4494
trumpa	4495
quitter	4496
invited	4497
deficits	4498
drug	4499
trumpi	4500
etc	4501
via@washingtonpost	4502
tripled	4503
figures	4504
trumps	4505
bristol	4506
lo	4507
seans	4508
puff	4509
lasker	4510
invites	4511
castles	4512
adjusted	4513
ch	4514
co	4515
author	4516
cm	4517
conclude	4518
cc	4519
malcolm	4520
@abeshinzo	4521
snowfall	4522
migrant	4523
@breitbartnewsmaybe	4524
cy	4525
@claudiajordan	4526
crafted	4527
cr	4528
skills‚Äîan	4529
oakland	4530
cutreform	4531
admin	4532
ct	4533
sheltertheres	4534
@govchristie	4535
@kellyandmichael	4536
them‚Äîeasy	4537
powered	4538
win‚Äîthe	4539
trajectory	4540
@ktmcfarland	4541
lt	4542
apologize	4543
rhode	4544
blatant	4545
eviscerated	4546
richards	4547
harwood	4548
hottest	4549
waste	4550
louisiana	4551
@wjrradio	4552
#wef18	4553
@matt_berry87	4554
heels	4555
describe	4556
lp	4557
@77wabcradio	4558
1201	4559
lga	4560
visas#makeamericagreatagain	4561
mooresville	4562
1200	4563
neighbor	4564
uns	4565
hateful	4566
puerto	4567
@sendrelief	4568
atlanta	4569
flailing	4570
spain	4571
#trumpscotland	4572
theyve	4573
@aipac	4574
basket	4575
putter	4576
runway	4577
@derekj3031	4578
protester	4579
@theellenshow	4580
eaton	4581
circle	4582
boardrooms	4583
rigged	4584
me‚Äîremember	4585
ultra	4586
country‚Äîgreat	4587
larrys	4588
va	4589
layoff	4590
@tedcruz	4591
vf	4592
cusp	4593
adminstration	4594
vi	4595
owning	4596
delaying	4597
liyuan	4598
site	4599
fiat	4600
vp	4601
denuclearize	4602
vs	4603
@billmaher	4604
optimistic	4605
vv	4606
ushas	4607
sits	4608
waivers	4609
lunatic	4610
ransom	4611
tattoo	4612
terrorist	4613
right‚Äîmitt	4614
recordsi	4615
jaws	4616
@andrewbreitbarts	4617
juan	4618
closethey	4619
fattening	4620
@chucktodd‚Äîone	4621
bishop	4622
romance	4623
matthew	4624
knicks	4625
35t	4626
buffoon	4627
estates	4628
terrorism	4629
#makeamericagreatagain#votersspeak	4630
correctan	4631
paula	4632
#photosfromthefield	4633
resonating	4634
ball	4635
columbia	4636
@hoganseaisle129	4637
@katrinapierson	4638
quarterfinal	4639
nolte	4640
bale	4641
drink	4642
upon	4643
nationally	4644
obese	4645
forecasts	4646
lesley	4647
etc‚Äîboring	4648
@awrhawkins	4649
paving	4650
@hardball_chris	4651
dust	4652
overalls	4653
afghan	4654
colts	4655
@comcast	4656
expand	4657
audit	4658
champions#houstonstrong	4659
priest	4660
off	4661
retardant	4662
disrupted	4663
indonesia	4664
175t	4665
@trumpchicago	4666
councilhe	4667
patterns	4668
@bostonglobe	4669
command	4670
352	4671
350	4672
audio	4673
@sdoocy	4674
drawing	4675
@sixteenchicagos	4676
@jerrytravone	4677
stations	4678
laffer	4679
arizona#makeamericagreatagain	4680
newest	4681
kiss	4682
less	4683
moments	4684
mainecincinnati	4685
loeb	4686
#trumplv	4687
@noltencspelling	4688
#endingwaroncoal	4689
#opioidepidemic	4690
glum	4691
@trdny	4692
rooms	4693
foxnewsinsider	4694
paul	4695
olds	4696
@jeangeorges	4697
web	4698
generous	4699
@alexpappas	4700
wed	4701
residential	4702
wen	4703
coralville	4704
arrest	4705
englands	4706
combine	4707
opportunites	4708
exempt	4709
@realsheriffjoe	4710
@therealmarilu	4711
advanced	4712
irresponsible	4713
@rwildewrites	4714
edddie24	4715
scheiderman	4716
increased	4717
government	4718
checking	4719
chancellor	4720
famously	4721
february	4722
increases	4723
headlining	4724
cedar	4725
desi	4726
desk	4727
belgium	4728
@cbssports	4729
@foxnewssunday	4730
willthe	4731
fools	4732
@nwshouston	4733
wsjnbc	4734
#hasjustinelandedyet	4735
michiga	4736
in‚Äîand	4737
finnish	4738
@realmicihaelkay	4739
chairs	4740
efficiency	4741
bigotry	4742
matte	4743
@nigel_farage	4744
cronkite	4745
backexcept	4746
@pwgavin	4747
@hotlinejosh	4748
become	4749
@rollingstone	4750
rug‚Äîits	4751
emmy	4752
replacement	4753
opioid	4754
gaining	4755
@fredtecce	4756
#2016	4757
@darrellissa	4758
polar	4759
foreseeable	4760
footage	4761
8000	4762
#onetermfund	4763
identified	4764
12pm	4765
252	4766
primary‚Äîthen	4767
gymnastics	4768
down‚Äîwonder	4769
loaded	4770
drudgetime	4771
@nypd	4772
ballot	4773
alvarezkhan	4774
recognition	4775
homeowners	4776
paychecks	4777
shows‚Äîlike	4778
disbelief	4779
resolve#natomeeting	4780
elisabeth	4781
separate	4782
@capitoforwv	4783
salaries	4784
on‚Äîhe	4785
@foxnewsinsider	4786
does	4787
keystone	4788
spoilers	4789
railing	4790
@nytimescollins	4791
triple	4792
16s	4793
leverages	4794
stairway	4795
votemost	4796
benefitted	4797
blowing	4798
uniqueevery	4799
schedule	4800
selecting	4801
book‚Äîreally	4802
brokering	4803
unquestionably	4804
semifinalist	4805
#indprimary	4806
pressure	4807
@kristinstape	4808
dubuque	4809
@primeministersx	4810
accompanied	4811
1billion	4812
residences	4813
imaginary	4814
loans	4815
stage	4816
gained	4817
sister	4818
lifestyle	4819
to@tiger	4820
tmz	4821
angeles	4822
foretold	4823
projecting	4824
seeds	4825
concession	4826
@ac360	4827
documentary	4828
revise	4829
executives	4830
alliance	4831
letters	4832
unattractive	4833
booed	4834
solyndras	4835
commitment	4836
referendum	4837
assess	4838
media‚Äîasking	4839
tonight‚Äîi	4840
@newhampjournal	4841
cultivated	4842
roads	4843
tiredof	4844
crooked	4845
charities	4846
mere	4847
negotiable	4848
#throwbackthursday	4849
subsidy	4850
@columbiabugle	4851
95th	4852
decadesif	4853
housing	4854
snyder	4855
spots	4856
peac	4857
stamina	4858
@senbobcorker	4859
@mlbs	4860
airline	4861
60k	4862
terminates	4863
troubling	4864
yrs	4865
910000	4866
fairfax	4867
flynn	4868
naturally	4869
function	4870
fiscal	4871
#nbc	4872
@repedroyce	4873
exsist	4874
frisk	4875
36th	4876
@jessebwatters	4877
basic	4878
@netanyahu	4879
delivery	4880
@trumptowernys	4881
construction	4882
newtown	4883
mercer	4884
delivers	4885
candidacy	4886
violate	4887
bilateral	4888
count	4889
davos	4890
marquis	4891
places	4892
alejandro	4893
congresswoman	4894
@wkrg	4895
official	4896
#makeamericagreatagain	4897
documentit	4898
counterattack	4899
excitement	4900
placed	4901
#endcommoncore	4902
convince	4903
riley	4904
@usopengolf	4905
metough	4906
problem	4907
meyers	4908
unmitigated	4909
@thestreet	4910
humas	4911
#dow23küìà	4912
irish	4913
@trumpgolfdc	4914
rightly	4915
lawlessness	4916
smart‚Äîthey	4917
int	4918
recognize	4919
contribute	4920
apprenticetonights	4921
slowing	4922
ordering	4923
overturned	4924
inn	4925
barcelona	4926
aristotle	4927
ink	4928
ind	4929
unwatchable	4930
deviant	4931
#nadarkhani	4932
walters	4933
renowned	4934
compared	4935
variety	4936
sharia	4937
trials	4938
25m	4939
forests	4940
47m	4941
eo2	4942
corey	4943
happiest	4944
details	4945
47t	4946
#sheldonadelson	4947
zuckers	4948
booker	4949
behold	4950
blowhard	4951
reckless	4952
accurate‚Äîif	4953
repeat	4954
in8	4955
@sacha_b_cohen	4956
monday	4957
roomtoday	4958
@lohud	4959
oppression	4960
stepaneks	4961
dismantle	4962
outlets	4963
numberd	4964
efficient‚Äîtremendous	4965
@team_mitch	4966
@fitsnewsdonald	4967
nicest	4968
repeal	4969
inspiration	4970
#trump360	4971
#enjoy	4972
pieces‚Äîgreat	4973
nevada#makeamericagreatagain	4974
spokesmen	4975
lasted	4976
rule	4977
#wellness	4978
aetna	4979
announcer	4980
pandering	4981
compete	4982
pension	4983
poli	4984
announces	4985
tapping	4986
@wdesmoinespatch	4987
rep	4988
saywith	4989
3523	4990
rallyvideo	4991
gadhafi	4992
airporttickets	4993
suicidal	4994
foerderer	4995
furyhe	4996
additionally	4997
copy	4998
child	4999
